"","Estimate","Std.err.","t-ratio(0)","Rob.std.err.","Rob.t-ratio(0)"
"ASC_CAR",0.280662417171314,0.0550272945171765,5.10042188397444,0.104177532376157,2.69407818336411
"ASC_TRAIN",-0.572216899707093,0.0751797050094637,-7.61132142823734,0.132823613119352,-4.30809617558673
"ASC_SM",0,NA,NA,NA,NA
"B_COST",-1.65018349335928,0.077200261614707,-21.3753614151602,0.289772663725071,-5.69475212791271
"B_TIME",-3.16473636894631,0.152875178653675,-20.7014401998884,0.188792639004884,-16.7630283978627
"B_TIME_S",3.71816326029108,0.163103410464784,22.7963550835369,0.224021694280522,16.5973356831913
