Time,CPU Usage (%),RAM Usage (%)
0.0,3.8,59.5
1.0045897960662842,4.6,59.6
2.0192534923553467,3.3,59.7
3.0235040187835693,2.7,59.7
4.025275707244873,3.7,59.6
5.035639524459839,3.5,59.6
6.038774490356445,1.9,59.6
7.050085067749023,1.2,59.6
8.050286054611206,6.4,59.5
9.056844472885132,1.9,59.5
