Time,CPU Usage (%),RAM Usage (%)
0.0,2.7,54.3
0.5122585296630859,2.3,54.4
1.0162441730499268,3.1,54.1
1.519033432006836,2.0,54.1
2.0325520038604736,9.5,54.1
2.532911777496338,9.7,54.4
3.0405704975128174,10.2,54.3
3.547057867050171,7.8,54.4
4.058331489562988,3.4,54.4
4.568630933761597,2.3,54.1
