Time,CPU Usage (%),RAM Usage (%)
0.0,1.8,67.5
10.011565208435059,1.7,67.2
20.01909589767456,0.5,65.7
30.032450199127197,1.2,65.8
40.04050612449646,0.9,65.2
50.046013832092285,0.4,65.4
