Time,CPU Usage (%),RAM Usage (%)
0.0,6.5,54.5
20.007874488830566,10.0,57.6
40.008580923080444,17.2,66.8
60.01702690124512,18.1,66.8
80.01742458343506,19.1,67.5
100.01918625831604,19.2,67.7
120.02297592163086,19.8,67.3
140.02762651443481,17.8,67.7
160.0304410457611,19.4,67.6
180.03818798065186,19.5,67.8
200.04691195487976,19.4,67.3
220.0601668357849,23.4,68.6
